name,link,price_simbol,price,price_discount,best_seller,promotional
Bicicleta Mercurio Evergreen R16 Rosa Mo...,https://www.linio.com.mx/p/bicicleta-mercurio-evergreen-r16-rosa-morado-jrdcmn?qid=9f1809bb384d6109c23de67250aa7ea8&oid=ME985SP1KOMW7LMX&position=1&sku=ME985SP1KOMW7LMX,,"$2,399.00",- 40%,False,False
Bicicleta Mercurio DH ZTX 26 Rojo 2020...,https://www.linio.com.mx/p/bicicleta-mercurio-dh-ztx-26-rojo-2020-vbmwjd?qid=9f1809bb384d6109c23de67250aa7ea8&oid=ME985SP0FV03HLMX&position=2&sku=ME985SP0FV03HLMX,,"$2,999.00",- 24%,False,False
Bicicleta Mercurio KAIZER R29 MTB NegroR...,https://www.linio.com.mx/p/bicicleta-mercurio-kaizer-r29-mtb-negrorojo-yl1kdp?qid=9f1809bb384d6109c23de67250aa7ea8&oid=ME985SP04UOPWLMX&position=3&sku=ME985SP04UOPWLMX,,"$4,199.00",- 6%,False,False
Bicicleta Mercurio KAIZER R29 MTB Negro/...,https://www.linio.com.mx/p/bicicleta-mercurio-kaizer-r29-mtb-negro-verde-ynfaql?qid=9f1809bb384d6109c23de67250aa7ea8&oid=ME985SP02Y3L0LMX&position=4&sku=ME985SP02Y3L0LMX,,"$4,199.00",- 19%,False,False
Bicicleta Veloci Amore Mio BMX Rodado 16...,https://www.linio.com.mx/p/bicicleta-veloci-amore-mio-bmx-rodado-16-azul-qe5wn8?qid=9f1809bb384d6109c23de67250aa7ea8&oid=VE138SP0W9NLMLMX&position=5&sku=VE138SP0W9NLMLMX,,"$1,679.00",- 30%,False,False
Bicicleta Veloci Ozark Trail OZ 1 Rodado...,https://www.linio.com.mx/p/bicicleta-veloci-ozark-trail-oz-1-rodado-26-gris-yo1i28?qid=9f1809bb384d6109c23de67250aa7ea8&oid=VE138SP0278IVLMX&position=6&sku=VE138SP0278IVLMX,,"$2,274.00",- 30%,False,False
Bicicleta Cruiser Dama R26 Azul 2020...,https://www.linio.com.mx/p/bicicleta-cruiser-dama-r26-azul-2020-lhbb4s?qid=9f1809bb384d6109c23de67250aa7ea8&oid=ME985SP1CR8WBLMX&position=7&sku=ME985SP1CR8WBLMX,,"$3,399.00",- 43%,False,False
Bicicleta Mercurio LIFE R24 6v Purpura B...,https://www.linio.com.mx/p/bicicleta-mercurio-life-r24-6v-purpura-brillante-s326uz?qid=9f1809bb384d6109c23de67250aa7ea8&oid=ME985SP0OKCK4LMX&position=8&sku=ME985SP0OKCK4LMX,,"$4,999.00",- 9%,False,False
Oferta Ilimitada Bicicleta Mercurio DH Z...,https://www.linio.com.mx/p/oferta-ilimitada-bicicleta-mercurio-dh-ztx-29-naranja-2020-tpvuun?qid=9f1809bb384d6109c23de67250aa7ea8&oid=ME985SP0K36HPLMX&position=9&sku=ME985SP0K36HPLMX,,"$3,899.00",- 9%,False,False
Bicicleta Ranger Aluminio 29 Mercurio Es...,https://www.linio.com.mx/p/bicicleta-ranger-aluminio-29-mercurio-esmeralda-wzl5b5?qid=9f1809bb384d6109c23de67250aa7ea8&oid=ME985SP09A5F7LMX&position=10&sku=ME985SP09A5F7LMX,,"$4,999.00",- 28%,False,False
Bicicleta Mercurio Ranger 26 Naranja 202...,https://www.linio.com.mx/p/bicicleta-mercurio-ranger-26-naranja-2020-x2quox?qid=9f1809bb384d6109c23de67250aa7ea8&oid=ME985SP063HRXLMX&position=11&sku=ME985SP063HRXLMX,,"$4,999.00",,False,False
Bicicleta Mercurio DH ZTX 29 Gris-Negro...,https://www.linio.com.mx/p/bicicleta-mercurio-dh-ztx-29-gris-negro-2020-lhzf73?qid=9f1809bb384d6109c23de67250aa7ea8&oid=ME985SP1C2JX9LMX&position=12&sku=ME985SP1C2JX9LMX,,"$3,899.00",- 7%,False,False
Bicicleta Veloci Street Cross Little Gir...,https://www.linio.com.mx/p/bicicleta-veloci-street-cross-little-girl-rodado-14-blanco-tme4o3?qid=9f1809bb384d6109c23de67250aa7ea8&oid=VE138SP0MMN59LMX&position=13&sku=VE138SP0MMN59LMX,,"$1,469.30",- 30%,False,False
Ropa De Ciclismo Hombre Invierno Maillot...,https://www.linio.com.mx/p/ropa-de-ciclismo-hombre-invierno-maillot-ciclista-chaqueta-arsuxeo-arj15-k-verde-tlytsl?qid=9f1809bb384d6109c23de67250aa7ea8&oid=PR191SP0NHIJILMX&position=14&sku=PR191SP0NHIJILMX,,"$1,026.00",- 13%,False,False
Juego de Mandos Vital 340056 REVOSHIFT T...,https://www.linio.com.mx/p/juego-de-mandos-vital-340056-revoshift-tourney-sl-rs25-3x6vel-lcmisr?qid=9f1809bb384d6109c23de67250aa7ea8&oid=VI636SP1H2LELLMX&position=15&sku=VI636SP1H2LELLMX,,$120.00,- 36%,False,False
Guantes Para Ciclista Vital Azul De Gel...,https://www.linio.com.mx/p/guantes-para-ciclista-vital-azul-de-gel-n4d300?qid=9f1809bb384d6109c23de67250aa7ea8&oid=VI636SP16QSTULMX&position=16&sku=VI636SP16QSTULMX,,$169.00,- 43%,False,False
Guantes Para Bicicleta Vital Rojo...,https://www.linio.com.mx/p/guantes-para-bicicleta-vital-rojo-tqigz4?qid=9f1809bb384d6109c23de67250aa7ea8&oid=VI636SP0IXGMQLMX&position=17&sku=VI636SP0IXGMQLMX,,$300.00,- 49%,False,False
Guantes Para Ciclismo Estampados...,https://www.linio.com.mx/p/guantes-para-ciclismo-estampados-jpmvfq?qid=9f1809bb384d6109c23de67250aa7ea8&oid=VE872SP10GXTLMX&position=18&sku=VE872SP10GXTLMX,,$159.00,,False,False
Bicicleta Veloci Cars 95 Eva Infantil Ro...,https://www.linio.com.mx/p/bicicleta-veloci-cars-95-eva-infantil-rodado-12-rojo-jqezq2?qid=9f1809bb384d6109c23de67250aa7ea8&oid=VE138SP1LH53JLMX&position=19&sku=VE138SP1LH53JLMX,,"$1,469.30",- 30%,False,False
Bicicleta Veloci Avengers Rodado 16 Negr...,https://www.linio.com.mx/p/bicicleta-veloci-avengers-rodado-16-negro-azul-jr0hng?qid=9f1809bb384d6109c23de67250aa7ea8&oid=VE138SP1KSX6NLMX&position=20&sku=VE138SP1KSX6NLMX,,"$2,274.30",- 29%,False,False
Bicicleta Veloci Street Cross Girly Roda...,https://www.linio.com.mx/p/bicicleta-veloci-street-cross-girly-rodado-12-rosa-n0r3ux?qid=9f1809bb384d6109c23de67250aa7ea8&oid=VE138SP1AMXA6LMX&position=21&sku=VE138SP1AMXA6LMX,,"$1,679.30",- 30%,False,False
Bicicleta Veloci Spiderman Be Ultimate R...,https://www.linio.com.mx/p/bicicleta-veloci-spiderman-be-ultimate-rodado-12-rojo-azul-orermi?qid=9f1809bb384d6109c23de67250aa7ea8&oid=VE138SP118EJ3LMX&position=22&sku=VE138SP118EJ3LMX,,"$1,679.30",- 30%,False,False
Bicicleta Veloci Street Cross Xtreme Rod...,https://www.linio.com.mx/p/bicicleta-veloci-street-cross-xtreme-rodado-14-naranaja-vaen4u?qid=9f1809bb384d6109c23de67250aa7ea8&oid=VE138SP0GSCSILMX&position=23&sku=VE138SP0GSCSILMX,,"$1,469.30",- 30%,False,False
Bicicleta Veloci Saurious Infantil Rodad...,https://www.linio.com.mx/p/bicicleta-veloci-saurious-infantil-rodado-12-verde-wz8o7i?qid=9f1809bb384d6109c23de67250aa7ea8&oid=VE138SP09F2JLLMX&position=24&sku=VE138SP09F2JLLMX,,"$1,189.30",- 30%,False,False
Bicicleta Veloci Winbledom City Rodado 2...,https://www.linio.com.mx/p/bicicleta-veloci-winbledom-city-rodado-26-cafe-cobre-x0i74a?qid=9f1809bb384d6109c23de67250aa7ea8&oid=VE138SP082ZZBLMX&position=25&sku=VE138SP082ZZBLMX,,"$2,729.00",- 30%,False,False
Bicicleta Veloci Dyno Steel Rodado 16 Ro...,https://www.linio.com.mx/p/bicicleta-veloci-dyno-steel-rodado-16-rojo-ykvh2y?qid=9f1809bb384d6109c23de67250aa7ea8&oid=VE138SP05JAJELMX&position=26&sku=VE138SP05JAJELMX,,"$1,469.30",- 30%,False,False
Bicicleta Veloci Ever After High Royally...,https://www.linio.com.mx/p/bicicleta-veloci-ever-after-high-royally-rebellious-rodado-16-rosa-ym3fmf?qid=9f1809bb384d6109c23de67250aa7ea8&oid=VE138SP04GEM6LMX&position=27&sku=VE138SP04GEM6LMX,,"$1,469.30",- 30%,False,False
Bicicleta Infantil para niño Rodada 12...,https://www.linio.com.mx/p/bicicleta-infantil-para-nin-o-rodada-12-con-llanta-de-goma-lfkp8y?qid=9f1809bb384d6109c23de67250aa7ea8&oid=UN503SP1E4T5ELMX&position=28&sku=UN503SP1E4T5ELMX,,"$1,449.00",,False,False
Bicicleta Infantil para niño Rodada 12...,https://www.linio.com.mx/p/bicicleta-infantil-para-nin-o-rodada-12-con-llanta-de-goma-tp9fpu?qid=9f1809bb384d6109c23de67250aa7ea8&oid=UN503SP0KD4WILMX&position=29&sku=UN503SP0KD4WILMX,,"$1,449.00",,False,False
Bicicleta Infantil para niño rodada 16...,https://www.linio.com.mx/p/bicicleta-infantil-para-nin-o-rodada-16-inferno-vc5uno?qid=9f1809bb384d6109c23de67250aa7ea8&oid=UN503SP0F4GBFLMX&position=30&sku=UN503SP0F4GBFLMX,,"$2,159.00",,False,False
Bicicleta de paseo Rodada 24 Azul...,https://www.linio.com.mx/p/bicicleta-de-paseo-rodada-24-azul-ym1ofe?qid=9f1809bb384d6109c23de67250aa7ea8&oid=UN503SP04GSL7LMX&position=31&sku=UN503SP04GSL7LMX,,"$2,899.99",,False,False
Mini Bomba Manual Para Bicicleta...,https://www.linio.com.mx/p/mini-bomba-manual-para-bicicleta-qeef2z?qid=9f1809bb384d6109c23de67250aa7ea8&oid=TR827SP0VXH54LMX&position=32&sku=TR827SP0VXH54LMX,,$184.00,- 11%,False,False
Kit Herramientas Reparación Bicicletas...,https://www.linio.com.mx/p/kit-herramientas-reparacio-n-bicicletas-tramontina-17-pzs-qecgss?qid=9f1809bb384d6109c23de67250aa7ea8&oid=TR487SP0VVIPBLMX&position=33&sku=TR487SP0VVIPBLMX,,$165.00,- 28%,False,False
Bandana Tubular Mascada Mascarilla Cubre...,https://www.linio.com.mx/p/bandana-tubular-mascada-mascarilla-cubreboca-n2wnlj?qid=9f1809bb384d6109c23de67250aa7ea8&oid=RE608SP18BXCBLMX&position=34&sku=RE608SP18BXCBLMX,,$90.00,,False,False
Bandana Tubular Mascada Mascarilla Cubre...,https://www.linio.com.mx/p/bandana-tubular-mascada-mascarilla-cubreboca-s3wfhp?qid=9f1809bb384d6109c23de67250aa7ea8&oid=RE608SP0O5BXNLMX&position=35&sku=RE608SP0O5BXNLMX,,$90.00,,False,False
Ropa De Ciclismo Jersey Maillot Rex Fact...,https://www.linio.com.mx/p/ropa-de-ciclismo-jersey-maillot-rex-factory-j526-vd4nrt?qid=9f1809bb384d6109c23de67250aa7ea8&oid=RE608SP0DQGF1LMX&position=36&sku=RE608SP0DQGF1LMX,,$645.00,,False,False
bandana tubular faceshield mexico ciclis...,https://www.linio.com.mx/p/bandana-tubular-faceshield-mexico-ciclismo-senderismo-moto-on5e0o?qid=9f1809bb384d6109c23de67250aa7ea8&oid=OE599SP15HQRFLMX&position=37&sku=OE599SP15HQRFLMX,,$40.00,- 55%,False,False
bandana tubular faceshield con reflejant...,https://www.linio.com.mx/p/bandana-tubular-faceshield-con-reflejante-ciclismo-senderismo-moto-qaoqig?qid=9f1809bb384d6109c23de67250aa7ea8&oid=OE599SP0ZJEPNLMX&position=38&sku=OE599SP0ZJEPNLMX,,$50.00,- 44%,False,False
Bicicleta Marca Mercurio Mod. SPYRO R16...,https://www.linio.com.mx/p/bicicleta-marca-mercurio-mod-spyro-r16-js5h24?qid=9f1809bb384d6109c23de67250aa7ea8&oid=ME985SP1JJF88LMX&position=39&sku=ME985SP1JJF88LMX,,"$2,189.00",- 15%,False,False
Bicicleta Mercurio DS Kaizer R24 Amarill...,https://www.linio.com.mx/p/bicicleta-mercurio-ds-kaizer-r24-amarillo-2020-n05w0d?qid=9f1809bb384d6109c23de67250aa7ea8&oid=ME985SP1BJ1RHLMX&position=40&sku=ME985SP1BJ1RHLMX,,"$3,699.00",- 7%,False,False
Bicicleta Mercurio Radar 26 Rojo 2020...,https://www.linio.com.mx/p/bicicleta-mercurio-radar-26-rojo-2020-n05vat?qid=9f1809bb384d6109c23de67250aa7ea8&oid=ME985SP1B2471LMX&position=41&sku=ME985SP1B2471LMX,,"$2,778.00",- 7%,False,False
Bicicleta Kaizer DH R29 Color Esmeralda...,https://www.linio.com.mx/p/bicicleta-kaizer-dh-r29-color-esmeralda-2020-or74ws?qid=9f1809bb384d6109c23de67250aa7ea8&oid=ME985SP121G0BLMX&position=42&sku=ME985SP121G0BLMX,,"$4,699.00",- 32%,False,False
Bicicleta Kaizer DH R29 Color Verde Neon...,https://www.linio.com.mx/p/bicicleta-kaizer-dh-r29-color-verde-neon-2020-orskik?qid=9f1809bb384d6109c23de67250aa7ea8&oid=ME985SP11G0EJLMX&position=43&sku=ME985SP11G0EJLMX,,"$4,699.00",- 32%,False,False
Bicicleta Mercurio Striker R24 Azul-Verd...,https://www.linio.com.mx/p/bicicleta-mercurio-striker-r24-azul-verde-2020-qbtzw5?qid=9f1809bb384d6109c23de67250aa7ea8&oid=ME985SP0YK0HPLMX&position=44&sku=ME985SP0YK0HPLMX,,"$3,659.00",- 8%,False,False
Bicicleta Mercurio K-DIM 26 Azul/verde 2...,https://www.linio.com.mx/p/bicicleta-mercurio-k-dim-26-azul-verde-2020-qet5wr?qid=9f1809bb384d6109c23de67250aa7ea8&oid=ME985SP0VMZMLLMX&position=45&sku=ME985SP0VMZMLLMX,,"$3,378.00",- 3%,False,False
Bicicleta Mercurio R24 Country Rosa 2020...,https://www.linio.com.mx/p/bicicleta-mercurio-r24-country-rosa-2020-qg03e9?qid=9f1809bb384d6109c23de67250aa7ea8&oid=ME985SP0UQ72LLMX&position=46&sku=ME985SP0UQ72LLMX,,"$3,999.00",- 11%,False,False
Bicicleta Mercurio Bad Boy R24 Negro-Ama...,https://www.linio.com.mx/p/bicicleta-mercurio-bad-boy-r24-negro-amarilla-2020-qg00bp?qid=9f1809bb384d6109c23de67250aa7ea8&oid=ME985SP0UMRM5LMX&position=47&sku=ME985SP0UMRM5LMX,,"$3,678.00",- 8%,False,False
Bicicleta Mercurio Cuty J91 MP3 con Casc...,https://www.linio.com.mx/p/bicicleta-mercurio-cuty-j91-mp3-con-casco-r16-blanco-rosa-s061m3?qid=9f1809bb384d6109c23de67250aa7ea8&oid=ME985SP0RNQ40LMX&position=48&sku=ME985SP0RNQ40LMX,,"$2,239.00",- 32%,False,False
Bicicleta Mercurio Cruiser R26 Azul...,https://www.linio.com.mx/p/bicicleta-mercurio-cruiser-r26-azul-s02w7h?qid=9f1809bb384d6109c23de67250aa7ea8&oid=ME985SP0RGJY4LMX&position=49&sku=ME985SP0RGJY4LMX,,"$3,699.00",- 11%,False,False
Bicicleta  Mercurio ZTX Doble suspensió...,https://www.linio.com.mx/p/bicicleta-mercurio-ztx-doble-suspensio-n-r26r-s3zio8?qid=9f1809bb384d6109c23de67250aa7ea8&oid=ME985SP0O6J24LMX&position=50&sku=ME985SP0O6J24LMX,,"$2,999.00",- 18%,False,False
Bicicleta Mercurio FS MAGNUM R20 1v...,https://www.linio.com.mx/p/bicicleta-mercurio-fs-magnum-r20-1v-vaka85?qid=9f1809bb384d6109c23de67250aa7ea8&oid=ME985SP0G64XGLMX&position=51&sku=ME985SP0G64XGLMX,,"$3,478.00",- 24%,False,False
Bicicleta Mercurio CAPRESSI R24 6v Rosa...,https://www.linio.com.mx/p/bicicleta-mercurio-capressi-r24-6v-rosa-nacarado-vbr5fz?qid=9f1809bb384d6109c23de67250aa7ea8&oid=ME985SP0EX4K4LMX&position=52&sku=ME985SP0EX4K4LMX,,"$3,974.00",- 12%,False,False
Bicicleta Mercurio Helium R24 Gris 2020...,https://www.linio.com.mx/p/bicicleta-mercurio-helium-r24-gris-2020-ympma5?qid=9f1809bb384d6109c23de67250aa7ea8&oid=ME985SP042ELPLMX&position=53&sku=ME985SP042ELPLMX,,"$3,399.00",- 5%,False,False
Bicicleta Ghost Row Rodado 29 Negro-Nara...,https://www.linio.com.mx/p/bicicleta-ghost-row-rodado-29-negro-naranja-js6ucx?qid=9f1809bb384d6109c23de67250aa7ea8&oid=GH556SP1JINZFLMX&position=54&sku=GH556SP1JINZFLMX,,"$4,899.00",- 30%,False,False
Guantes impermeables de bicicleta de ded...,https://www.linio.com.mx/p/guantes-impermeables-de-bicicleta-de-dedo-completo-guantes-de-bicicleta-mtb-transpirables-a-prueba-de-golpes-joueo3?qid=9f1809bb384d6109c23de67250aa7ea8&oid=GE598SP1NFQ79LMX&position=55&sku=GE598SP1NFQ79LMX,,$339.00,- 27%,False,False
Para bicicleta titular de la botella aju...,https://www.linio.com.mx/p/para-bicicleta-titular-de-la-botella-ajustable-de-bicicletas-de-montan-a-botella-de-agua-de-la-jaula-de-bebida-portabicicletas-botella-de-agua-titular-de-la-cremallera-de-la-montan-a-taza-de-moto-joulmi?qid=9f1809bb384d6109c23de67250aa7ea8&oid=GE598SP1NBN7LLMX&position=56&sku=GE598SP1NBN7LLMX,,$219.00,- 27%,False,False
Lámpara recargable LED USB COB montaña...,https://www.linio.com.mx/p/la-mpara-recargable-led-usb-cob-montan-a-seguridad-luz-trasera-bicic-lun-n3me9i?qid=9f1809bb384d6109c23de67250aa7ea8&oid=GE598SP17YUQ3LMX&position=57&sku=GE598SP17YUQ3LMX,,$315.00,- 19%,False,False
X3F3 USB Bicicleta Luz T6 Luz LED Bicicl...,https://www.linio.com.mx/p/x3f3-usb-bicicleta-luz-t6-luz-led-bicicleta-luz-impermeable-faro-onh6de?qid=9f1809bb384d6109c23de67250aa7ea8&oid=GE598SP15OAO7LMX&position=58&sku=GE598SP15OAO7LMX,,$259.00,- 27%,False,False
Bicicleta de montaña Bicicleta Biciclet...,https://www.linio.com.mx/p/bicicleta-de-montan-a-bicicleta-bicicleta-mtb-manillar-pun-os-mango-antideslizante-de-goma-os803w?qid=9f1809bb384d6109c23de67250aa7ea8&oid=GE598SP10LY0PLMX&position=59&sku=GE598SP10LY0PLMX,,$259.00,- 27%,False,False
Funda de asiento moto 3D Silicona grueso...,https://www.linio.com.mx/p/funda-de-asiento-moto-3d-silicona-grueso-acolchado-coji-n-funda-de-asiento-de-bicicleta-qbmh03?qid=9f1809bb384d6109c23de67250aa7ea8&oid=GE598SP0Z1GWRLMX&position=60&sku=GE598SP0Z1GWRLMX,,$299.00,- 27%,False,False
